{
    "prc": [
        {
            "precision": 0.019730839416058393,
            "recall": 1.0,
            "threshold": 0.0
        },
        {
            "precision": 0.8571428571428571,
            "recall": 0.017341040462427744,
            "threshold": 1.0
        }
    ]
}