{
    "roc": [
        {
            "fpr": 0.0,
            "tpr": 0.0,
            "threshold": 2.0
        },
        {
            "fpr": 5.817335660267598e-05,
            "tpr": 0.017341040462427744,
            "threshold": 1.0
        },
        {
            "fpr": 1.0,
            "tpr": 1.0,
            "threshold": 0.0
        }
    ]
}