{
    "avg_prec": 0.03425243509918206,
    "roc_auc": 0.5086414335529126
}